{
  "name": "conservative",
  "description": "Conservative objective focusing on risk management",
  "components": [
    {
      "type": "risk",
      "name": "risk",
      "weight": 0.5,
      "transformation": {
        "type": "linear",
        "parameters": {
          "a": -1,
          "b": 0
        }
      }
    },
    {
      "type": "stability",
      "name": "stability",
      "weight": 0.3
    },
    {
      "type": "profit",
      "name": "profit",
      "weight": 0.2
    }
  ],
  "aggregationStrategy": "weighted_sum"
}