{
  "name": "sensitivity_balanced",
  "description": "Sensitivity test: Balanced",
  "components": [
    {
      "type": "profit",
      "name": "profit",
      "weight": 0.25
    },
    {
      "type": "risk",
      "name": "risk",
      "weight": 0.25,
      "transformation": {
        "type": "linear",
        "parameters": {
          "a": -1,
          "b": 0
        }
      }
    },
    {
      "type": "stability",
      "name": "stability",
      "weight": 0.25
    },
    {
      "type": "efficiency",
      "name": "efficiency",
      "weight": 0.25
    }
  ],
  "aggregationStrategy": "weighted_sum"
}