{
  "name": "sensitivity_risk_focused",
  "description": "Sensitivity test: Risk-focused",
  "components": [
    {
      "type": "profit",
      "name": "profit",
      "weight": 0.10000000000000002
    },
    {
      "type": "risk",
      "name": "risk",
      "weight": 0.7000000000000001,
      "transformation": {
        "type": "linear",
        "parameters": {
          "a": -1,
          "b": 0
        }
      }
    },
    {
      "type": "stability",
      "name": "stability",
      "weight": 0.10000000000000002
    },
    {
      "type": "efficiency",
      "name": "efficiency",
      "weight": 0.10000000000000002
    }
  ],
  "aggregationStrategy": "weighted_sum"
}