{
  "name": "high_frequency_trading",
  "description": "Objective optimized for high-frequency trading strategies",
  "components": [
    {
      "type": "profit",
      "name": "profit",
      "weight": 0.25,
      "threshold": {
        "min": 0.001
      },
      "transformation": {
        "type": "sqrt"
      }
    },
    {
      "type": "efficiency",
      "name": "efficiency",
      "weight": 0.3,
      "transformation": {
        "type": "log"
      }
    },
    {
      "type": "transaction_costs",
      "name": "transaction_costs",
      "weight": 0.25,
      "transformation": {
        "type": "linear",
        "parameters": {
          "a": -1,
          "b": 0
        }
      },
      "penaltyFunction": {
        "type": "exponential",
        "parameters": {
          "factor": 2,
          "base": 2
        }
      }
    },
    {
      "type": "market_impact",
      "name": "market_impact",
      "weight": 0.2,
      "transformation": {
        "type": "linear",
        "parameters": {
          "a": -1,
          "b": 0
        }
      },
      "threshold": {
        "max": 0.01
      }
    }
  ],
  "aggregationStrategy": "weighted_sum",
  "constraints": [
    {
      "name": "min_profitability",
      "type": "hard",
      "expression": "profit > 0 AND efficiency > 0.5"
    },
    {
      "name": "cost_control",
      "type": "soft",
      "expression": "transaction_costs < 0.001",
      "penalty": 10
    }
  ]
}