{
  "name": "market_adaptive",
  "description": "Objective that adapts to market conditions",
  "components": [
    {
      "type": "profit",
      "name": "profit",
      "weight": 0.4000000000000001
    },
    {
      "type": "risk",
      "name": "risk",
      "weight": 0.30000000000000004,
      "transformation": {
        "type": "linear",
        "parameters": {
          "a": -1,
          "b": 0
        }
      }
    },
    {
      "type": "stability",
      "name": "stability",
      "weight": 0.20000000000000004
    },
    {
      "type": "robustness",
      "name": "robustness",
      "weight": 0.10000000000000002
    }
  ],
  "aggregationStrategy": "weighted_sum",
  "marketAdaptation": {
    "enabled": true,
    "conditions": {
      "bull_market": {
        "aggregationStrategy": "weighted_sum"
      },
      "bear_market": {
        "aggregationStrategy": "weighted_sum"
      },
      "high_volatility": {
        "aggregationStrategy": "harmonic_mean"
      },
      "low_volatility": {
        "aggregationStrategy": "weighted_sum"
      },
      "sideways": {
        "aggregationStrategy": "geometric_mean"
      },
      "crisis": {
        "aggregationStrategy": "harmonic_mean"
      },
      "recovery": {
        "aggregationStrategy": "weighted_sum"
      }
    }
  }
}