{
  "name": "balanced_trading",
  "description": "Balanced objective for general trading strategies",
  "components": [
    {
      "type": "profit",
      "name": "profit",
      "weight": 0.4000000000000001,
      "transformation": {
        "type": "linear",
        "parameters": {
          "a": 1,
          "b": 0
        }
      }
    },
    {
      "type": "risk",
      "name": "risk",
      "weight": 0.30000000000000004,
      "transformation": {
        "type": "linear",
        "parameters": {
          "a": -1,
          "b": 0
        }
      }
    },
    {
      "type": "stability",
      "name": "stability",
      "weight": 0.20000000000000004
    },
    {
      "type": "efficiency",
      "name": "efficiency",
      "weight": 0.10000000000000002
    }
  ],
  "aggregationStrategy": "weighted_sum"
}