{
  "name": "aggressive",
  "description": "Aggressive objective focusing on maximum returns",
  "components": [
    {
      "type": "profit",
      "name": "profit",
      "weight": 0.7000000000000001
    },
    {
      "type": "efficiency",
      "name": "efficiency",
      "weight": 0.20000000000000004
    },
    {
      "type": "risk",
      "name": "risk",
      "weight": 0.10000000000000002,
      "transformation": {
        "type": "linear",
        "parameters": {
          "a": -0.5,
          "b": 0
        }
      }
    }
  ],
  "aggregationStrategy": "weighted_sum"
}