timestamp,open,high,low,close,volume
1704067200000,42283.58,42488.09,42261.02,42488,431.71082
1704068100000,42488,42554.57,42412.02,42419.73,392.24889
1704069000000,42419.73,42447.82,42354.19,42441.32,319.90644
1704069900000,42441.32,42490.74,42422.45,42475.23,127.81493
1704070800000,42475.23,42475.23,42431.65,42466.33,188.76099
1704071700000,42466.32,42513.17,42466.32,42493.16,152.48691
1704072600000,42493.16,42775,42493.16,42697.5,642.57307
1704073500000,42697.5,42720,42613.56,42613.56,212.55759
1704074400000,42613.57,42638.41,42541.1,42556.63,217.29821
1704075300000,42556.64,42571.68,42531.1,42546.01,139.29978
1704076200000,42546,42606.25,42533,42535.75,193.14053
1704077100000,42535.74,42590,42500,42581.1,135.48128
1704078000000,42581.09,42586.64,42501.67,42508.24,169.14866
1704078900000,42508.24,42508.24,42419.39,42429.47,175.84382
1704079800000,42429.47,42459.02,42230.08,42302.19,199.04695
1704080700000,42302.19,42358.84,42243.99,42330.49,250.76448
1704081600000,42330.5,42377.43,42273.26,42287.5,157.71914
1704082500000,42287.5,42315,42209.46,42307.39,261.25449
1704083400000,42307.4,42345.08,42283.86,42310.98,153.21792
1704084300000,42310.99,42399.99,42304,42399.99,143.22605
1704085200000,42399.98,42406,42315,42352,189.17581
1704086100000,42352,42361.1,42297.9,42297.91,182.56287
1704087000000,42297.91,42321.13,42278,42300.02,171.82087
1704087900000,42300.01,42300.02,42180.77,42234.01,192.97197
1704088800000,42234.01,42301.98,42208.68,42276.01,191.20854
1704089700000,42276,42344.76,42270.22,42321.1,117.6485
1704090600000,42321.1,42385.57,42309.15,42377.62,156.48093
1704091500000,42377.61,42424.82,42372.52,42396.69,136.03453
1704092400000,42396.69,42481.1,42396.68,42454.01,243.30938
1704093300000,42454.01,42500,42434.87,42487.7,164.73232
1704094200000,42487.7,42500,42446.71,42446.72,130.65424
1704095100000,42446.71,42492.47,42432.56,42492.46,114.98124
1704096000000,42492.46,42529.91,42452.58,42514.28,137.17234
1704096900000,42514.28,42537.53,42477.6,42482,93.47006
1704097800000,42482,42504.79,42461.1,42492.91,89.52769
1704098700000,42492.91,42556.5,42489.95,42549.99,107.02356
1704099600000,42550,42577.88,42537.18,42574.24,151.36603
1704100500000,42574.24,42658.44,42574.2,42588.01,230.05566
1704101400000,42588.01,42699.32,42588,42639.02,338.11462
1704102300000,42639.02,42690,42620.54,42649.69,160.0886
1704103200000,42649.69,42692.23,42645.69,42663.27,163.41156
1704104100000,42663.27,42708.93,42628,42666.42,245.29511
1704105000000,42666.41,42717.14,42666.41,42712,227.67694
1704105900000,42711.99,42749.36,42691.1,42691.1,220.4349
1704106800000,42691.1,42762.39,42688.38,42695.16,277.09529
1704107700000,42695.16,42720,42653.33,42681.1,188.48554
1704108600000,42681.11,42685.34,42605.21,42607.81,183.90283
1704109500000,42607.81,42699.99,42607.81,42690.2,135.68201
1704110400000,42690.21,42739.22,42611.45,42626.53,163.8233
1704111300000,42626.52,42704.28,42626.52,42684.15,132.72239
1704112200000,42684.16,42780,42671.01,42755.76,259.49534
1704113100000,42755.77,42755.77,42643.68,42648.38,229.48748
1704114000000,42648.37,42700.08,42612.76,42700.08,139.84328
1704114900000,42700.07,42733.81,42700,42717.27,134.09815
1704115800000,42717.28,42740.76,42670,42740.76,114.59877
1704116700000,42740.75,42748,42704.8,42715.54,108.6622
1704117600000,42715.54,42715.55,42594.94,42646.99,191.85635
1704118500000,42646.99,42662.31,42580,42621.09,171.67383
1704119400000,42621.1,42661.89,42596.91,42646.56,139.91173
1704120300000,42646.56,42657.92,42586.5,42612.24,207.56961
1704121200000,42612.24,42650,42586.51,42649.99,155.56234
1704122100000,42650,42733.28,42635.79,42683.2,134.6973
1704123000000,42683.21,42847.07,42601.1,42845.96,323.32251
1704123900000,42845.95,42846.76,42741.2,42783.05,329.11948
1704124800000,42783.05,42847.3,42761.68,42839.74,292.26266
1704125700000,42839.74,42856,42664.42,42723.04,315.66972
1704126600000,42723.03,42782.6,42703.39,42775.59,174.37847
1704127500000,42775.6,42779.2,42711.56,42725.15,136.39971
1704128400000,42725.15,42781.09,42723.47,42777.53,206.73262
1704129300000,42777.53,42778.39,42718.72,42731.11,167.99824
1704130200000,42731.12,42742.44,42704.42,42731.04,132.05331
1704131100000,42731.04,42824.9,42731.03,42812.7,170.55261
1704132000000,42812.71,43128,42812.7,43104.16,880.3512
1704132900000,43104.15,43208.86,43034,43063.05,570.82722
1704133800000,43063.06,43161.1,43018.86,43152.11,359.86481
1704134700000,43152.12,43178.65,43073.93,43111.1,332.26574
1704135600000,43111.1,43189.22,43103.64,43179.7,226.44322
1704136500000,43179.69,43316.88,43146.88,43262.01,474.70725
1704137400000,43262.01,43409.3,43234.16,43395.09,551.50544
1704138300000,43395.08,43550,43395.08,43517.99,694.95942
1704139200000,43517.98,43757.13,43510.71,43643.98,1171.92702
1704140100000,43643.99,43717.76,43559.94,43699.56,588.84217
1704141000000,43699.56,43800,43636.39,43800,530.61168
1704141900000,43799.99,43829.99,43648.04,43687.86,613.69208
1704142800000,43687.85,43770.72,43687.85,43724.56,438.07214
1704143700000,43724.56,43792.59,43632,43656.15,362.88262
1704144600000,43656.14,43656.15,43480.76,43483.76,467.40274
1704145500000,43483.77,43622.18,43483.76,43619.21,273.23376
1704146400000,43619.22,43661.1,43515.58,43518.99,281.61532
1704147300000,43519,43539.86,43361.6,43471.1,420.98564
1704148200000,43471.11,43531.49,43439.17,43447.06,160.70295
1704149100000,43447.06,43529.94,43447.05,43529.93,161.05981
1704150000000,43529.94,43705.88,43529.93,43673.87,628.20007
1704150900000,43673.86,44000,43630,43989.99,1134.26215
1704151800000,43989.99,44100.03,43929.75,44084.87,933.08395
1704152700000,44084.86,44184.1,44045,44179.55,780.42434
1704153600000,44179.55,44650,44148.34,44630.09,2154.59235
1704154500000,44630.1,44844,44450,44609.79,1997.62342
1704155400000,44609.78,44768.29,44553.92,44732.01,1002.64655
1704156300000,44732.01,45200,44677.43,45056,1831.39735
1704157200000,45056,45372.79,44841.22,44841.22,2164.10983
1704158100000,44841.22,45060,44832.01,44930.24,914.79727
1704159000000,44930.24,45010,44799.55,44806.64,652.02581
1704159900000,44806.64,44908.04,44686,44855.96,666.93085
1704160800000,44855.96,44994.1,44855.95,44980.37,563.72114
1704161700000,44980.38,45100,44895.07,45099.99,815.65968
1704162600000,45099.99,45350,45073.9,45294.75,962.04592
1704163500000,45294.75,45381.42,45166.35,45378.96,674.61561
1704164400000,45378.96,45469.43,45131.1,45250.45,742.39427
1704165300000,45250.45,45365.59,45192.37,45316.71,610.3825
1704166200000,45316.7,45500,45312.1,45418.03,613.83261
1704167100000,45418.03,45456.86,45336.65,45402.38,726.51143
1704168000000,45402.38,45468.99,45240.38,45390,766.28725
1704168900000,45389.99,45400,45278.96,45362.27,410.71835
1704169800000,45362.27,45362.28,45176.67,45224.91,618.75186
1704170700000,45224.9,45240.52,45170,45179.8,472.51826
1704171600000,45179.8,45324.72,45121.96,45314,502.96296
1704172500000,45314.01,45324.72,45231.1,45261.08,447.55841
1704173400000,45261.08,45291.59,45221.79,45249.21,272.09113
1704174300000,45249.21,45318.44,45133.17,45179.48,394.6717
1704175200000,45179.48,45240.03,45130,45240.02,351.09122
1704176100000,45240.03,45283.44,45195.99,45250.2,245.4741
1704177000000,45250.2,45300,45204.27,45295,295.08158
1704177900000,45295,45308.15,45168.74,45168.75,498.69142
1704178800000,45168.75,45397.25,45168.74,45339.3,564.10005
1704179700000,45339.3,45643.75,45295.65,45461.1,1025.654
1704180600000,45461.1,45526.42,45278.9,45526.42,781.41297
1704181500000,45526.41,45528,45434.11,45455.53,741.35776
1704182400000,45455.52,45666.67,45326.6,45646.38,588.4528
1704183300000,45646.37,45849.84,45595.84,45748.52,1258.94157
1704184200000,45748.53,45852.93,45620.62,45667.67,742.45343
1704185100000,45667.67,45799.54,45576.13,45759.3,733.36927
1704186000000,45759.3,45879.63,45658.28,45691.1,613.22317
1704186900000,45691.09,45857.13,45672.87,45831.12,500.52723
1704187800000,45831.12,45831.12,45632,45660.88,424.49139
1704188700000,45660.88,45790.21,45631.1,45673.48,558.22016
1704189600000,45673.48,45711.1,45553.3,45692.54,516.04549
1704190500000,45692.53,45710.22,45591.1,45647.92,440.98747
1704191400000,45647.92,45654.1,45522.4,45581.16,438.80866
1704192300000,45581.17,45586.94,45431.52,45584.99,673.38087
1704193200000,45585,45698.67,45551.1,45560,464.8328
1704194100000,45560,45580,45494.17,45496.57,364.13178
1704195000000,45496.58,45548.16,45200,45245.99,975.59572
1704195900000,45245.99,45434,45241.02,45433.99,733.93277
1704196800000,45433.99,45489,45335.46,45375.34,405.33264
1704197700000,45375.34,45469.52,45316,45450,379.06954
1704198600000,45450,45589.68,45437.28,45455.31,664.83795
1704199500000,45455.31,45484.32,45271.04,45301.99,678.87134
1704200400000,45302,45481.1,45264.39,45472.8,359.97435
1704201300000,45472.8,45560,45334.01,45525.12,801.09701
1704202200000,45525.11,45701.96,45518.66,45662.48,567.58876
1704203100000,45662.48,45705.8,45577.84,45637.93,525.10856
1704204000000,45637.92,45800,45625,45768.77,763.97807
1704204900000,45768.78,45800,45554.35,45638.03,620.56646
1704205800000,45638.04,45675,45333.33,45524.5,911.21035
1704206700000,45524.5,45524.5,44970,45258.73,2257.45755
1704207600000,45258.73,45349.98,45073.89,45100.66,1230.79934
1704208500000,45100.66,45117.64,44833.33,45004.01,1690.5934
1704209400000,45004,45298.01,44887.46,45284.59,826.46227
1704210300000,45284.6,45300,45153.47,45184.82,553.18156
1704211200000,45184.83,45274.24,45018.01,45081.09,638.28871
1704212100000,45081.09,45189.65,44890.11,45189.19,1056.30351
1704213000000,45189.18,45250,45072.96,45235.97,548.0289
1704213900000,45235.96,45399.84,45182.25,45357.84,809.61671
1704214800000,45357.84,45382.08,45214.14,45239.99,499.57629
1704215700000,45240,45298,45151.05,45208.01,525.18623
1704216600000,45208,45208.01,44950.48,45069.27,814.45426
1704217500000,45069.28,45119.14,44955.07,44966.15,700.7863
1704218400000,44966.16,45119.23,44955.07,45023.76,581.72062
1704219300000,45023.75,45152.26,44944,45125.89,407.95589
1704220200000,45125.89,45271.2,45072.63,45077.88,461.6179
1704221100000,45077.88,45226.14,45057.14,45154.69,354.78289
1704222000000,45154.7,45243,45108.72,45121.11,391.93333
1704222900000,45121.1,45163.34,44790.96,44873.99,834.2873
1704223800000,44873.99,45071.1,44810.89,44958.76,649.59555
1704224700000,44958.76,45113.29,44887.15,45039.49,471.47006
1704225600000,45039.49,45150,44949.1,45093.77,528.52623
1704226500000,45093.77,45180.55,44929.92,44954.41,364.49339
1704227400000,44954.4,44984.74,44799.92,44831.53,455.28493
1704228300000,44831.53,44986.09,44742.96,44788.28,591.72034
1704229200000,44788.27,44844.2,44600,44843.99,819.91972
1704230100000,44844,44940.51,44801.1,44805.11,364.66041
1704231000000,44805.12,45011.97,44777,44943.84,343.88369
1704231900000,44943.85,45119.76,44921.1,45119.74,515.27801
1704232800000,45119.74,45297.26,45070,45153.59,721.55517
1704233700000,45153.6,45222,45042,45061.34,289.90979
1704234600000,45061.34,45061.35,44920,44927.37,241.48526
1704235500000,44927.37,45111.1,44840.01,44981.73,338.62469
1704236400000,44981.72,45006.36,44928,44985.22,256.73287
1704237300000,44985.22,45049.98,44958.85,44967.48,223.28956
1704238200000,44967.47,44967.48,44802.01,44831.76,327.2845
1704239100000,44831.75,44982.71,44807.09,44946.91,272.92026
1704240000000,44946.91,45061.1,44936.79,45005.98,389.41398
1704240900000,45005.98,45015.76,44862.11,44898.01,272.71943
1704241800000,44898.01,45147.36,44875.01,45147.36,383.50134
1704242700000,45147.35,45212.57,45045,45135.61,364.68429
1704243600000,45135.61,45217.35,45106.56,45182.16,284.18244
1704244500000,45182.16,45227.28,45150,45162.3,228.42126
1704245400000,45162.31,45249.99,45102.72,45241.5,242.90041
1704246300000,45241.49,45329.83,45209.41,45317.58,410.67684
1704247200000,45317.58,45410.91,45274.48,45274.5,689.0726
1704248100000,45274.51,45327.42,45211.73,45322.78,348.61491
1704249000000,45322.77,45354.16,45251.77,45270.37,196.75688
1704249900000,45270.37,45285.54,45223.12,45274.57,200.37192
1704250800000,45274.57,45294.94,45196.45,45288.02,204.57499
1704251700000,45288.02,45310,45225.85,45233.3,196.29457
1704252600000,45233.3,45238.07,45151.91,45204.99,182.70618
1704253500000,45204.99,45262.79,45188.15,45262.69,155.79392
1704254400000,45262.7,45268.91,45187.22,45220.53,256.57084
1704255300000,45220.54,45272.16,45206.88,45206.89,189.75968
1704256200000,45206.89,45219.15,45115.59,45160.07,201.78055
1704257100000,45160.07,45207.12,45146.84,45183.45,148.67493
1704258000000,45183.45,45230,45118.91,45229.99,229.88324
1704258900000,45230,45290.88,45224.44,45289.06,184.27217
1704259800000,45289.06,45294.11,45227.78,45240.95,203.80002
1704260700000,45240.95,45269.94,45167.57,45172.13,231.43289
1704261600000,45172.12,45208.16,45160,45204.02,377.19594
1704262500000,45204.01,45302.26,45204.01,45286.33,259.82676
1704263400000,45286.32,45286.33,45218.31,45256.89,254.7362
1704264300000,45256.9,45363.19,45256.89,45326.93,372.79674
1704265200000,45326.92,45384.84,45280.29,45353.76,323.22341
1704266100000,45353.77,45369.84,45297.67,45359.1,197.39235
1704267000000,45359.11,45369.15,45133.33,45150.27,393.1147
1704267900000,45150.27,45152,44940.93,45011.77,866.65475
1704268800000,45011.77,45125,45001.1,45064.73,494.5245
1704269700000,45064.73,45175.68,45064.72,45164.67,357.55142
1704270600000,45164.66,45168.44,45025.17,45051.1,299.82183
1704271500000,45051.1,45200,45041.73,45200,311.05432
1704272400000,45200,45318.62,45185.39,45301.43,376.66976
1704273300000,45301.44,45363.63,45218.48,45354.38,434.25444
1704274200000,45354.37,45500,45292.59,45414.99,724.36616
1704275100000,45415,45428.59,45325,45344.67,470.9976
1704276000000,45344.66,45398.37,45300.78,45363.63,350.53847
1704276900000,45363.62,45383.91,45224.01,45284.12,409.47784
1704277800000,45284.12,45309.58,45054.78,45070.27,610.48675
1704278700000,45070.28,45169.68,45045.95,45151.91,548.09306
1704279600000,45151.91,45174.07,44699.96,44736.81,1407.17181
1704280500000,44736.81,44862.29,44336,44358.36,1971.00522
1704281400000,44358.35,44564,44278.74,44498.77,1347.38339
1704282300000,44498.76,44511.46,43500,43702.88,3124.13121
1704283200000,43702.89,43716,40750,41872.16,9072.8703
1704284100000,41883.98,42517.52,41871.24,42316.43,5007.45891
1704285000000,42316.43,42423.45,42048,42163.53,3276.52558
1704285900000,42163.52,42794.77,42126.36,42789.38,2798.6148
1704286800000,42789.39,42820.92,42502,42539.86,1571.02765
1704287700000,42539.87,42694,42315.99,42468.28,1679.4159
1704288600000,42468.28,42683.26,42404.01,42536,1181.08302
1704289500000,42536,42571.1,42310,42529.4,1155.51903
1704290400000,42529.4,42532,42259.14,42293.99,1013.40136
1704291300000,42293.99,42385.46,42050,42101.72,1588.26118
1704292200000,42101.71,42350,42064.56,42350,1144.83523
1704293100000,42349.99,42352.94,42168.44,42179.99,819.79083
1704294000000,42180,42472.71,42175.14,42415.91,1115.15232
1704294900000,42415.9,42478.6,42295.71,42419.83,905.65296
1704295800000,42419.82,42514.97,42346,42399.18,741.71879
1704296700000,42399.17,43009.02,42345.18,43000.01,2412.82424
1704297600000,43000.01,43567.92,42881.1,43272.88,3247.31504
1704298500000,43272.89,43461.71,43137.39,43434.39,1152.75714
1704299400000,43434.39,43434.4,42787.84,42950.81,1709.86218
1704300300000,42950.81,43080,42773.34,42992.67,863.88173
1704301200000,42992.68,43034.59,42816.35,42917.62,673.87596
1704302100000,42917.62,42917.62,42600,42785.6,1015.45562
1704303000000,42785.6,42916.66,42741.1,42769.59,541.0026
1704303900000,42769.59,42919.84,42637.04,42906,714.84223
1704304800000,42906,43050,42831.1,42878,630.11987
1704305700000,42877.99,43014.41,42732.74,42749.12,549.03983
1704306600000,42749.13,42797.27,42500,42697.34,658.31772
1704307500000,42697.35,42734.86,42000,42255.72,1476.57254
1704308400000,42255.72,42518.66,42161.1,42450.01,1278.69135
1704309300000,42450,42673.55,42438,42673.55,874.11027
1704310200000,42673.55,43011.1,42631.1,42687.5,991.18036
1704311100000,42687.49,42718.51,42550,42596.67,518.31748
1704312000000,42596.66,42685.11,42518.7,42606.23,501.9799
1704312900000,42606.24,42771.09,42603.21,42720,507.76312
1704313800000,42719.99,42846.17,42643.07,42670.05,510.02398
1704314700000,42670.04,42776,42661.9,42721.02,411.77287
1704315600000,42721.02,42778,42581.1,42630.01,346.08147
1704316500000,42630.01,42900.11,42627.47,42816,620.89535
1704317400000,42815.99,42870,42757.78,42862.86,335.34259
1704318300000,42862.85,42966.27,42850,42917.62,390.21114
1704319200000,42917.61,42941.1,42830.27,42922.08,395.41272
1704320100000,42922.09,42939.24,42654.65,42688.81,561.24354
1704321000000,42688.81,42751.09,42647.73,42653.32,262.37001
1704321900000,42653.33,42758.86,42596.24,42749.68,166.85964
1704322800000,42749.69,42772.27,42591.09,42631.96,383.79092
1704323700000,42631.96,42781.1,42614.59,42766.43,292.93727
1704324600000,42766.44,42768.58,42697.71,42706,224.99786
1704325500000,42706,42845.23,42695.19,42845.23,224.04642
1704326400000,42845.23,42946.84,42754,42936.42,772.14383
1704327300000,42936.42,42983.77,42800,42890.36,421.99868
1704328200000,42890.35,42943.24,42848.35,42856,236.61327
1704329100000,42855.99,42886,42816.07,42874.01,189.08669
1704330000000,42874,42936.79,42816.1,42891.7,284.38417
1704330900000,42891.7,42891.7,42613.77,42712,511.53803
1704331800000,42712,42764.78,42633.64,42664.01,305.52718
1704332700000,42664.01,42753.55,42644.01,42708.01,236.51589
1704333600000,42708.01,42894.34,42690.02,42894.33,266.72728
1704334500000,42894.34,42958.94,42861.46,42884.01,349.87255
1704335400000,42884,42945.99,42863.35,42944.57,177.4946
1704336300000,42944.56,43219.36,42944.56,43138.49,462.07827
1704337200000,43138.5,43211.1,43072.58,43155.24,354.3958
1704338100000,43155.23,43220.56,43018.34,43040.35,426.57593
1704339000000,43040.36,43065.96,43002.15,43028.2,222.65838
1704339900000,43028.19,43147.72,43028.19,43102.8,270.528
1704340800000,43102.79,43114.17,42955.5,43033.1,503.88473
1704341700000,43033.1,43136,43027.36,43128,220.90171
1704342600000,43128,43145.16,43067.89,43097.91,156.74956
1704343500000,43097.92,43200,43097.91,43149.99,198.47792
1704344400000,43149.99,43190,43100.88,43164,198.34916
1704345300000,43164.01,43200,43074.88,43088.04,215.71933
1704346200000,43088.04,43273.08,43072.7,43234.84,334.57008
1704347100000,43234.84,43244.34,43126.18,43183.74,222.66389
1704348000000,43183.74,43232.95,43103.78,43111.8,283.20588
1704348900000,43111.8,43160,43086.59,43131.99,264.82444
1704349800000,43131.99,43217.39,43101.1,43201.53,253.64463
1704350700000,43201.54,43207.1,43134.67,43155.46,188.31174
1704351600000,43155.46,43261.64,43025.56,43099.92,667.71121
1704352500000,43099.93,43115.72,42970.39,43061.96,425.40727
1704353400000,43061.96,43174.79,42816.49,42989.58,814.76328
1704354300000,42989.59,43008.72,42756.97,42763.08,494.21146
1704355200000,42763.08,42916.82,42762.96,42859.29,478.21032
1704356100000,42859.3,42975.38,42699.83,42939.24,550.03522
1704357000000,42939.24,42953.08,42779.2,42791.11,368.35744
1704357900000,42791.1,42886,42787.66,42849.66,253.72563
1704358800000,42849.67,42943.21,42849.66,42871.12,285.47558
1704359700000,42871.12,43029.51,42863.39,42987.65,272.1239
1704360600000,42987.65,43084.38,42930,42955.28,518.82196
1704361500000,42955.29,43062.74,42944.37,43007.74,335.55769
1704362400000,43007.73,43080.16,42924,42939.4,399.80896
1704363300000,42939.41,42954.31,42616.28,42786.61,744.57126
1704364200000,42786.61,43100,42726.34,43014,667.5844
1704365100000,43014,43089.54,43000,43073.26,438.36771
1704366000000,43073.26,43150.02,43007,43035.99,358.74823
1704366900000,43035.99,43130.49,42927.33,43109.53,372.94795
1704367800000,43109.53,43233.81,43109.53,43154,434.09199
1704368700000,43153.99,43215.62,43121.75,43176.32,267.98125
1704369600000,43176.33,43248,43097.06,43244.01,399.44944
1704370500000,43244,43423.95,43141.34,43171.11,907.58676
1704371400000,43171.11,43340.16,43131.9,43267.11,457.19963
1704372300000,43267.1,43383.89,43267.1,43378.12,474.64842
1704373200000,43378.11,43385.33,43287.04,43299.33,443.86252
1704374100000,43299.32,43329.99,43222.23,43238.52,324.49608
1704375000000,43238.51,43326.12,43167.27,43296.99,397.23202
1704375900000,43297,43484.84,43272.54,43346.68,493.24992
1704376800000,43346.67,43358.72,43258.48,43303.27,398.52329
1704377700000,43303.28,43423.93,43285.56,43331.5,427.57992
1704378600000,43331.49,43470.89,43250,43458.07,440.14456
1704379500000,43458.07,43753.15,43381.25,43676.07,1383.55893
1704380400000,43676.07,43820.81,43608,43820.8,950.00162
1704381300000,43820.8,44199.99,43759.07,44154.01,1662.12214
1704382200000,44154.01,44329.99,44045.88,44132,1714.31278
1704383100000,44132.01,44132.01,43956.04,44051.1,725.0422
1704384000000,44051.1,44134.8,43827.48,43928.01,1048.10157
1704384900000,43928.01,44057.8,43801,43875.99,604.60926
1704385800000,43875.98,43957.04,43777.86,43938.57,621.4621
1704386700000,43938.57,44029.94,43867.5,43915.71,490.27745
1704387600000,43915.7,44155,43841.56,44155,594.743
1704388500000,44154.99,44225.75,44031.1,44085.6,667.51539
1704389400000,44085.61,44114.96,43827.69,43830.29,817.7097
1704390300000,43830.28,44055.55,43830.28,43990.01,430.92379
1704391200000,43990.01,44109.92,43962.33,43978.01,485.50575
1704392100000,43978.02,44049.99,43881.31,43976.26,402.49656
1704393000000,43976.26,44100,43976.25,44080.78,300.44359
1704393900000,44080.77,44152.09,44048.94,44048.96,331.74088
1704394800000,44048.95,44257,44040.15,44213.52,558.82116
1704395700000,44213.52,44419.62,44182.26,44384.21,772.06098
1704396600000,44384.21,44437.5,44031.1,44099.32,789.7015
1704397500000,44099.32,44099.32,43910.01,43956.48,483.40908
1704398400000,43956.48,44027.1,43890.9,43984.99,395.91539
1704399300000,43985,44079.73,43950,44071.09,318.80772
1704400200000,44071.1,44690,44065.43,44328.9,1663.47682
1704401100000,44328.9,44372,44097.56,44113.68,665.18982
1704402000000,44113.68,44589.04,44113.67,44302,1296.30453
1704402900000,44302,44440.56,44208.86,44411.1,394.31739
1704403800000,44411.1,44459.58,44251.1,44257.6,457.28965
1704404700000,44257.6,44444.64,44244.75,44430.86,390.99322
1704405600000,44430.86,44628.35,44417.61,44622.99,594.2791
1704406500000,44623,44729.58,44464.41,44469.33,925.25415
1704407400000,44469.34,44469.34,44275.56,44384.25,463.65167
1704408300000,44384.24,44384.25,44150.64,44318,487.63413
1704409200000,44318.01,44355.22,44187.76,44231.1,334.59678
1704410100000,44231.09,44353.14,44222.86,44313,219.02586
1704411000000,44313.01,44328.15,44116.14,44155.21,447.17075
1704411900000,44155.21,44189.11,44050,44151.1,307.68004
1704412800000,44151.1,44215.29,44124.34,44195.98,405.26336
1704413700000,44195.98,44248.47,44133.03,44219.02,368.20625
1704414600000,44219.01,44226.24,43950.84,44097.95,668.58999
1704415500000,44097.96,44233.09,44058.14,44211.1,322.71469
1704416400000,44211.1,44284,44110.85,44145.64,367.40775
1704417300000,44145.64,44145.65,43831.17,43897.89,713.40049
1704418200000,43897.89,43957.76,43854.76,43926.01,366.28169
1704419100000,43926,43926.01,42450,43376,3854.95839
1704420000000,43376,43972.86,43330.54,43642.16,1605.77812
1704420900000,43642.15,43670.58,43302,43302,808.689
1704421800000,43302,43616.13,43302,43597.34,440.15665
1704422700000,43597.34,43602.92,43469.16,43506,256.38469
1704423600000,43506.01,43770,43498.87,43609.25,632.09916
1704424500000,43609.26,43627.03,43502.6,43555.18,362.56542
1704425400000,43555.19,43577.21,43456.22,43472.51,244.01441
1704426300000,43472.5,43538.44,43409.79,43465.21,304.99258
1704427200000,43465.21,43551.06,43338.23,43409.41,448.07103
1704428100000,43409.41,43418,43187.89,43383.33,622.34482
1704429000000,43383.33,43584.3,43330.27,43541.12,424.27016
1704429900000,43541.12,43629.99,43527.67,43589.88,295.37033
1704430800000,43589.87,43640.46,43531.1,43559.62,185.16828
1704431700000,43559.62,43655.27,43559.61,43634.99,244.34748
1704432600000,43634.99,43723.13,43612.92,43641.99,229.69432
1704433500000,43641.99,43666,43507.48,43644.15,288.1388
1704434400000,43644.16,43734.9,43632.27,43689.04,232.69843
1704435300000,43689.03,43700,43601.67,43601.68,188.77359
1704436200000,43601.68,43772.48,43578.08,43709.29,284.46302
1704437100000,43709.3,43926,43685.62,43844.82,406.43277
1704438000000,43845.08,43926,43748.49,43847.43,371.28557
1704438900000,43847.43,43875.11,43765,43874.99,261.3336
1704439800000,43874.99,43875,43782.94,43782.95,233.13424
1704440700000,43782.94,43801.1,43715.93,43777.47,234.08387
1704441600000,43777.48,43872.14,43771.1,43872.13,214.31562
1704442500000,43872.14,43947.99,43781.08,43887.59,255.63133
1704443400000,43887.6,43911.1,43779.98,43833.84,293.43249
1704444300000,43833.84,43911.45,43814.4,43911.44,226.17686
1704445200000,43911.44,44324.8,43911.44,44049.71,1323.97217
1704446100000,44049.71,44103.63,43947.85,43975.46,526.02839
1704447000000,43975.47,44185,43964.03,44066.88,404.06012
1704447900000,44066.87,44180.21,44058.64,44147.21,374.62928
1704448800000,44147.22,44157.03,44000.01,44007.84,338.83239
1704449700000,44007.85,44081.1,43868.46,43949.07,322.41117
1704450600000,43949.06,43968.61,43826.63,43931.66,404.9878
1704451500000,43931.65,43951.1,43433,43628.18,810.65585
1704452400000,43628.19,43823.6,43605.36,43722,487.77189
1704453300000,43721.99,43914.02,43721.99,43858.4,393.44978
1704454200000,43858.39,43916.8,43776.45,43814.15,347.30594
1704455100000,43814.14,43827.57,43721.94,43771.34,331.97615
1704456000000,43771.34,43874.99,43616,43756.42,448.69374
1704456900000,43756.41,44110.07,43756.4,43926.04,772.49315
1704457800000,43926.04,43988.58,43856.13,43914,316.85778
1704458700000,43913.99,43929.81,43812.84,43882.52,327.94646
1704459600000,43882.52,44039.24,43844.11,44001.07,418.47727
1704460500000,44001.08,44096.49,43865,43919.04,343.93566
1704461400000,43919.04,43966.89,43721.06,43888.5,846.09008
1704462300000,43888.5,43998.39,43815.31,43986.01,385.75957
1704463200000,43986.01,44062.36,43754.76,43823.12,670.08787
1704464100000,43823.13,43869.99,43684,43724,559.51122
1704465000000,43724,43784.52,43100,43617.83,1338.1698
1704465900000,43617.83,43800,43433.33,43486.04,1015.51119
1704466800000,43488.21,43801.1,43487.18,43781.21,739.56749
1704467700000,43781.22,43796.2,43562.01,43690.63,643.58486
1704468600000,43690.64,43764.99,43524.69,43532.97,449.55481
1704469500000,43532.97,43590,43355.54,43500.01,768.03945
1704470400000,43500.01,43568.18,43419.98,43567.39,442.69977
1704471300000,43567.4,43592.64,43316.75,43384.23,471.85929
1704472200000,43384.24,43518.89,43326.67,43422.59,707.58309
1704473100000,43422.58,43472.69,43220,43225.99,779.05004
1704474000000,43225.99,43374.16,43100.46,43319.81,1084.57115
1704474900000,43319.81,43413.99,43305.93,43413.98,425.36674
1704475800000,43413.98,43579.4,43356.36,43535.17,582.46058
1704476700000,43535.17,43627.57,43473.01,43609.53,448.57655
1704477600000,43609.52,43644.9,43514.1,43548.01,335.03942
1704478500000,43548.02,43559.83,43418,43494.92,273.35746
1704479400000,43494.91,43629.11,43462.1,43573.12,311.70353
1704480300000,43573.13,43690.12,43526,43610.07,353.98614
1704481200000,43610.08,43614.2,43527,43599.98,194.05173
1704482100000,43599.98,43680,43534.35,43571.1,251.4545
1704483000000,43571.09,43675.58,43561.1,43668.28,220.82652
1704483900000,43668.28,43808.07,43520.15,43600,577.48962
1704484800000,43600,43690.61,43599.99,43683.62,254.81173
1704485700000,43683.63,43721.09,43612,43714.03,198.84832
1704486600000,43714.03,43800,43714.03,43770.65,282.06692
1704487500000,43770.64,44357.46,43723.15,43955.07,1764.97074
1704488400000,43955.07,43971.1,43580.51,43754.68,759.96155
1704489300000,43754.68,43880.78,43715.61,43788.77,371.48396
1704490200000,43788.77,43830.36,43714.4,43737.28,215.47358
1704491100000,43737.28,43954.32,43727.98,43946.26,262.33004
1704492000000,43946.26,43991.71,43900,43934.47,325.3241
1704492900000,43934.47,43954.01,43847.2,43882.9,248.5511
1704493800000,43882.89,43961.1,43764.42,43777.18,273.83394
1704494700000,43777.18,44048.64,43777.15,43967.44,176.84171
1704495600000,43967.44,44318.61,43967.44,44200.63,908.77396
1704496500000,44200.62,44236.89,44066.68,44085.06,339.22477
1704497400000,44085.05,44156.48,44041.21,44047.99,191.94948
1704498300000,44048,44145.12,43979.1,44145.11,269.70066
1704499200000,44145.12,44214.42,44064.52,44120.43,284.19124
1704500100000,44120.43,44127.99,44017.99,44041.12,253.13133
1704501000000,44041.11,44120.4,43996.41,44027.88,174.20551
1704501900000,44027.87,44117.51,43975,44068.8,168.0753
1704502800000,44068.79,44094.4,43990.27,44038.61,208.14194
1704503700000,44038.61,44062.2,43906.19,44002.05,271.28976
1704504600000,44002.04,44047.88,43961.45,44033.84,161.67965
1704505500000,44033.85,44041.1,43932.01,43970.64,216.38851
1704506400000,43970.65,44009.24,43861.1,43889.33,263.41972
1704507300000,43889.34,43914.24,43823.06,43894,213.52292
1704508200000,43894,43957.01,43893.99,43920.99,129.64923
1704509100000,43920.99,43937.31,43886.16,43909.31,111.4845
1704510000000,43909.31,43927.45,43812.5,43886.06,179.5473
1704510900000,43886.06,43943.88,43874.2,43914.39,123.9133
1704511800000,43914.39,44018.57,43896.54,43983.92,238.43547
1704512700000,43983.92,43983.93,43918.33,43931.1,126.38625
1704513600000,43931.1,43971.1,43916.32,43923.77,98.3149
1704514500000,43923.77,43928.11,43868.88,43898.03,113.62119
1704515400000,43898.03,43932.17,43882.04,43920.16,93.24993
1704516300000,43920.15,43920.16,43832,43850,117.17137
1704517200000,43850.01,43871.1,43792.48,43829.02,182.19652
1704518100000,43829.03,43829.03,43660.98,43673.99,382.30738
1704519000000,43673.99,43780.62,43673.99,43710,173.9886
1704519900000,43710.01,43744,43588,43698.72,436.16766
1704520800000,43698.72,43700.34,43504,43609.99,430.43373
1704521700000,43609.99,43637.99,43514,43582.29,388.29188
1704522600000,43582.29,43659.49,43529.99,43579.67,406.37449
1704523500000,43579.67,43611.1,43425,43454.7,434.45782
1704524400000,43454.7,43518,43409.85,43454.02,271.45149
1704525300000,43454.01,43615.76,43397.05,43605.99,296.51793
1704526200000,43605.99,43651.1,43534.32,43643.85,250.70887
1704527100000,43643.85,43668.02,43596.43,43653.2,167.5438
1704528000000,43653.2,43665.09,43551.28,43577.02,177.6713
1704528900000,43577.02,43744.37,43577.02,43702,248.45177
1704529800000,43702,43711.43,43622.75,43622.79,235.42394
1704530700000,43622.79,43709.64,43622.78,43692.33,152.11975
1704531600000,43692.33,43735.99,43655.38,43721.1,145.36618
1704532500000,43721.09,43750,43711.11,43714.1,142.35143
1704533400000,43714.1,43729.81,43680,43729.81,138.88348
1704534300000,43729.81,43756,43636.7,43651.9,135.47855
1704535200000,43651.9,43678,43584,43614.98,201.39836
1704536100000,43614.97,43700,43598.07,43700,112.47122
1704537000000,43700,43771.1,43661.1,43722.86,222.52322
1704537900000,43722.86,43728.08,43680,43694.48,141.29015
1704538800000,43694.47,43694.48,43631.1,43658.4,134.90361
1704539700000,43658.39,43705.23,43658.39,43691.05,101.04183
1704540600000,43691.05,43701.1,43616.02,43697.5,90.24792
1704541500000,43697.5,43701.81,43644,43671.96,69.92726
1704542400000,43671.97,43750,43628.24,43692.46,140.48088
1704543300000,43692.46,43709.29,43651.1,43666.12,116.43261
1704544200000,43666.13,43701.1,43637.28,43638.68,93.79085
1704545100000,43638.68,43659.63,43527.27,43607.96,181.06141
1704546000000,43607.95,43643.04,43542,43622,163.6238
1704546900000,43621.99,43690,43621.99,43670.87,95.22558
1704547800000,43670.87,43720,43650.3,43704.24,115.27623
1704548700000,43704.25,43740.27,43685.19,43704.07,98.96789
1704549600000,43704.08,43836.91,43703.41,43820.38,276.98432
1704550500000,43820.38,43870.98,43804,43853.99,286.86393
1704551400000,43854,43920.08,43832.09,43857.31,292.95734
1704552300000,43857.32,43857.32,43791.08,43828.21,141.60044
1704553200000,43828.2,43892.92,43791.1,43884,149.04836
1704554100000,43884.01,43897.97,43841.18,43841.23,103.6598
1704555000000,43841.23,43876.85,43800.29,43802.73,204.29781
1704555900000,43802.74,43898,43802.73,43867.17,149.86713
1704556800000,43867.17,43978.78,43844.52,43933.49,271.03156
1704557700000,43933.49,43955.68,43848.23,43848.23,157.7002
1704558600000,43848.24,43900,43828.5,43890.85,222.6161
1704559500000,43890.85,43907.11,43843.5,43872.34,111.175
1704560400000,43872.35,43932.42,43842.97,43909.56,129.81648
1704561300000,43909.56,43909.57,43870,43872.11,88.60361
1704562200000,43872.11,43990,43872.08,43961.26,176.26028
1704563100000,43961.26,44000,43921.96,43963.72,224.01345
1704564000000,43963.73,43971.59,43884.04,43904.62,107.08176
1704564900000,43904.62,43999.99,43892.94,43995,135.5442
1704565800000,43994.99,44080,43952.33,44045.55,233.45216
1704566700000,44045.54,44148.58,43968.06,43995.89,407.17185
1704567600000,43995.89,44017.46,43921.1,43980.03,170.80015
1704568500000,43980.03,43980.03,43855.89,43881.73,271.78763
1704569400000,43881.74,43908,43830.88,43871.09,175.05872
1704570300000,43871.09,43940,43851.25,43906.36,89.13117
1704571200000,43906.35,43961.33,43611.19,43776.69,326.08035
1704572100000,43776.69,43874.37,43754,43859.91,156.38016
1704573000000,43859.91,43902,43823.91,43851.09,155.38417
1704573900000,43851.09,43868,43787.62,43826.44,89.4745
1704574800000,43826.45,43834.23,43723.76,43834.22,138.41452
1704575700000,43834.22,43907.41,43834.22,43876.8,119.30811
1704576600000,43876.79,43935.21,43816,43878.24,191.56959
1704577500000,43878.24,43933.3,43834.23,43889.43,133.92123
1704578400000,43889.43,43895.03,43853.67,43876,96.53975
1704579300000,43875.99,43928,43783.45,43841.1,161.43471
1704580200000,43841.11,43901.1,43740,43806.34,136.49139
1704581100000,43806.33,43890.62,43802.54,43878.61,86.12455
1704582000000,43878.62,43883.36,43744.31,43799.76,256.36793
1704582900000,43799.77,43843.59,43732.5,43838.84,136.63809
1704583800000,43838.84,43914.84,43837.01,43895.06,125.30155
1704584700000,43895.07,43980,43895.06,43968.32,128.43868
1704585600000,43968.32,43986.43,43951.13,43959.99,138.62907
1704586500000,43960,44046.76,43915.56,43968.59,263.97288
1704587400000,43968.6,44200,43960.31,44160.18,532.24016
1704588300000,44160.19,44259.29,44113.92,44119.11,424.65565
1704589200000,44119.11,44160,44035.9,44134.44,233.46958
1704590100000,44134.44,44160,44034.3,44077.66,165.11565
1704591000000,44077.66,44092,44016.76,44062.2,111.56177
1704591900000,44062.2,44097.29,43963.89,43967.72,157.989
1704592800000,43967.71,44075.47,43960,44034.35,132.45721
1704593700000,44034.35,44089.1,44021.1,44040.41,85.51909
1704594600000,44040.42,44056.2,43833.4,43939.11,269.08932
1704595500000,43939.1,43962.09,43850,43930.28,254.89113
1704596400000,43930.28,44009.99,43930.27,43993.82,164.06467
1704597300000,43993.81,44034.92,43956.07,43959.75,162.60279
1704598200000,43959.74,43972.54,43904.18,43938.54,166.00665
1704599100000,43938.54,43980.01,43928,43940.41,135.17315
1704600000000,43940.41,43967.5,43889.36,43897.99,212.17595
1704600900000,43897.99,43985.9,43885.24,43980,140.81958
1704601800000,43980.01,44026.34,43976.4,44013.83,99.92404
1704602700000,44013.84,44035.9,43984.01,44000,92.4243
1704603600000,44000.01,44067.84,44000,44031.79,112.27397
1704604500000,44031.79,44050.22,43951.72,43974.86,141.02506
1704605400000,43974.86,43974.88,43922.84,43962.71,108.7442
1704606300000,43962.71,43985.88,43843.52,43885.47,157.64646
1704607200000,43885.48,44044.76,43858,44017.71,335.00929
1704608100000,44017.7,44088.01,43954.02,43979.25,166.06875
1704609000000,43979.24,43989.71,43956.62,43981.24,77.22502
1704609900000,43981.23,44041.1,43981.23,44022,127.37395
1704610800000,44021.99,44054,43991.1,44043.45,159.68002
1704611700000,44043.44,44055.27,44020.43,44046.81,118.41134
1704612600000,44046.82,44100,44026.01,44092,136.77943
1704613500000,44092.01,44092.35,44060,44080,161.53651
1704614400000,44080,44146,44079.99,44083.27,269.61781
1704615300000,44083.28,44139.41,44067.29,44137.52,173.50638
1704616200000,44137.51,44167.81,44076.8,44097.99,207.31459
1704617100000,44098,44108.22,44000,44017.99,216.01474
1704618000000,44018,44065,43981.2,43988.01,176.82728
1704618900000,43988,44026,43967.09,43973.73,154.97914
1704619800000,43973.72,43997.08,43901.5,43948.01,205.25393
1704620700000,43948,43990.9,43880.65,43938.9,208.16129
1704621600000,43938.9,43973.52,43906.91,43941.99,152.36049
1704622500000,43941.99,43996,43930.88,43956,165.80831
1704623400000,43956,43976,43927.05,43952.57,196.08173
1704624300000,43952.57,43967.1,43921.1,43960,159.03293
1704625200000,43960,43997.15,43959.99,43981.84,158.4754
1704626100000,43981.84,44083.33,43959.1,44047.35,207.63845
1704627000000,44047.36,44118.19,44039.82,44086.9,232.06897
1704627900000,44086.89,44100,44044.67,44061.1,140.59357
1704628800000,44061.1,44071.1,43969.62,44044,157.39635
1704629700000,44044,44091.1,44039.9,44048,159.09234
1704630600000,44048,44139.43,44047.99,44128,229.4602
1704631500000,44127.99,44128,44075.98,44088.63,91.87052
1704632400000,44088.63,44249.76,44082.66,44230.01,340.49103
1704633300000,44230.01,44399.99,44198.78,44386.49,902.95338
1704634200000,44386.49,44449.98,44252.8,44366.67,606.88401
1704635100000,44366.67,44409.31,44304.89,44409.31,383.96657
1704636000000,44409.31,44480.59,44348.53,44378.29,511.28943
1704636900000,44378.29,44390,44280.57,44357.43,373.09476
1704637800000,44357.43,44427.98,44277.12,44398.45,307.51604
1704638700000,44398.45,44407.65,44305.1,44402,236.02503
1704639600000,44402,44431.1,44351.42,44389.56,284.71374
1704640500000,44389.57,44396,44145.02,44174.46,451.24499
1704641400000,44174.47,44241.58,44062.16,44092.01,430.55852
1704642300000,44092.01,44092.02,43945.15,44047.57,506.4322
1704643200000,44047.57,44110.64,43986,44091.11,401.65162
1704644100000,44091.11,44182.11,44091.1,44168.02,219.77366
1704645000000,44168.02,44185,44100,44121.1,142.41201
1704645900000,44121.1,44121.1,43857.14,43922,496.50202
1704646800000,43922,44035.86,43700,44030.09,679.55297
1704647700000,44030.08,44039.07,43978.77,44000,191.92963
1704648600000,43999.99,44015.99,43941.03,44003.9,170.15664
1704649500000,44003.91,44110.15,43997.94,44064.84,181.95604
1704650400000,44064.83,44140.3,44035.25,44114.58,149.36275
1704651300000,44114.58,44166,44101.1,44107.09,161.82253
1704652200000,44107.09,44171.1,44106.68,44151.1,126.78951
1704653100000,44151.1,44176.04,44099.96,44106.11,108.79757
1704654000000,44106.11,44111.88,44044.98,44075.42,114.38268
1704654900000,44075.43,44160.97,44041.27,44159.99,130.69534
1704655800000,44159.99,44236.91,44120.32,44204.01,200.4233
1704656700000,44204,44262.53,44188,44244.77,114.68319
1704657600000,44244.77,44269.92,44209.99,44229.24,125.83197
1704658500000,44229.25,44238.64,44160,44204.66,109.29298
1704659400000,44204.65,44204.66,44133.33,44165.19,153.821
1704660300000,44165.19,44179.23,44120,44120.01,138.89499
1704661200000,44120.01,44210,44110.45,44198.27,141.37148
1704662100000,44198.26,44249,44183.26,44243.2,134.70784
1704663000000,44243.19,44243.2,44127.32,44173.41,151.00437
1704663900000,44173.4,44231.54,44152.88,44231.53,124.29756
1704664800000,44231.53,44231.54,44111.05,44184.15,194.4524
1704665700000,44184.14,44186.29,43936.66,43977,443.13779
1704666600000,43977.01,43978.46,43778.13,43978.45,501.50101
1704667500000,43978.45,43978.46,43824.59,43862.85,260.57929
1704668400000,43862.85,44024.99,43823.81,43957.27,343.1415
1704669300000,43957.27,43974.85,43731.25,43756.7,550.34164
1704670200000,43756.69,43874.7,43572.09,43619.99,906.14549
1704671100000,43620,43929.02,43619.99,43929.02,413.15827
1704672000000,43929.01,43986,43828,43828.01,381.11092
1704672900000,43828.01,43859.1,43740.74,43822,374.27052
1704673800000,43822.01,43841.1,43631.99,43734.01,561.23991
1704674700000,43734.01,43756,43625.18,43632,395.86239
1704675600000,43632,43807.35,43610.25,43806.72,322.35499
1704676500000,43806.72,43809.18,43686.02,43788.75,322.60182
1704677400000,43788.74,43800.03,43665.31,43683.01,269.2552
1704678300000,43683.01,43725.74,43671.1,43713.06,197.36005
1704679200000,43713.07,43800.07,43675.42,43681,274.41414
1704680100000,43680.99,43724.85,43534.78,43636.94,410.54082
1704681000000,43636.94,43668.14,43400.11,43506.24,702.69297
1704681900000,43506.23,43516.99,43175,43371.09,1037.3622
1704682800000,43371.09,43442.42,43311.76,43393.14,402.07552
1704683700000,43393.14,43434.48,43225,43277.82,735.92981
1704684600000,43277.83,43494,43257.29,43488.23,573.50421
1704685500000,43488.24,43568.85,43452.62,43518.2,411.41551
1704686400000,43518.2,43598,43457.6,43505.89,389.35723
1704687300000,43505.89,43559.81,43430.79,43530.33,202.18502
1704688200000,43530.34,43608.84,43500,43552.01,275.13022
1704689100000,43552.01,43610.68,43531.82,43599.26,248.34366
1704690000000,43599.26,43648.02,43531.1,43592,234.29524
1704690900000,43591.99,43610,43475,43491.1,301.16001
1704691800000,43491.09,43557.5,43491.09,43557.5,155.80629
1704692700000,43557.49,43650,43524.06,43641.74,443.01372
1704693600000,43641.74,43679.58,43584.87,43625.81,272.91394
1704694500000,43625.82,44341.8,43613.18,44146.8,1954.12988
1704695400000,44146.8,44162.11,43899.19,44016.5,758.77124
1704696300000,44016.5,44025.02,43816.46,43912.87,395.20545
1704697200000,43912.88,44041.6,43872.95,44023.69,490.26986
1704698100000,44023.7,44074.99,43900,43939.82,327.75662
1704699000000,43939.81,43947.99,43784.86,43863.11,351.38407
1704699900000,43863.1,43995.98,43852.48,43974.55,357.70976
1704700800000,43974.55,44038.43,43924.47,43998.83,262.1845
1704701700000,43998.83,44069.41,43976,44000.05,222.01152
1704702600000,44000.05,44033.48,43901.76,43907.41,160.44633
1704703500000,43907.41,43930,43851.1,43868.53,184.60036
1704704400000,43868.53,43920.14,43836,43871.1,323.56802
1704705300000,43871.11,43900,43820.89,43846,187.61724
1704706200000,43846,43881.23,43790.95,43859.43,222.31425
1704707100000,43859.43,43870.19,43641.73,43720.46,391.18173
1704708000000,43720.45,43799.08,43689.26,43799.07,288.83169
1704708900000,43799.07,44019.5,43791,43991.11,317.82515
1704709800000,43991.1,44044.94,43955.15,43970.04,260.45932
1704710700000,43970.04,44128.19,43964,44088.85,389.04349
1704711600000,44088.86,44199,44078.78,44182.25,610.85564
1704712500000,44182.24,44198,43950,44196.69,555.76028
1704713400000,44196.7,44284.56,44154.28,44246.23,483.21381
1704714300000,44246.24,44688,44238.23,44635.99,1776.35434
1704715200000,44636,45150,44618.3,45141.09,3388.84606
1704716100000,45141.09,45200,44350,44518.16,2179.07725
1704717000000,44518.15,44942.85,44518.15,44889.99,1089.66343
1704717900000,44890,45120.05,44786.95,45111.09,859.97396
1704718800000,45111.1,45179.14,44948.83,45069.78,1126.2499
1704719700000,45069.77,45160.38,44950,45098,869.64193
1704720600000,45098,45108.38,44932.1,44996.79,625.49409
1704721500000,44996.78,45022.7,44807.56,44911.58,701.92784
1704722400000,44911.58,44976.73,44832,44976.61,453.91276
1704723300000,44976.61,45031.31,44919.99,44988.31,434.36323
1704724200000,44988.31,45090,44955.99,45048.99,603.78129
1704725100000,45049,45080.75,44724.37,44783.91,796.2216
1704726000000,44783.9,44874.14,44667.22,44814.14,627.39559
1704726900000,44814.15,44868.56,44736,44774.31,415.66966
1704727800000,44774.3,45333,44700,44982.63,1994.24467
1704728700000,44982.64,45040,44856.41,44963.04,1046.07552
1704729600000,44963.04,45171.42,44963.03,44997.99,1005.56099
1704730500000,44998,45046.26,44925.98,45026,517.94165
1704731400000,45026,45075.53,44793.97,44922.16,659.54722
1704732300000,44922.16,44951.03,44801,44940.3,348.33307
1704733200000,44940.31,45134,44903.86,45131.51,416.05619
1704734100000,45131.51,45342.86,45065.99,45296.78,1108.8176
1704735000000,45296.79,45442.98,45229.49,45402,1177.89039
1704735900000,45402.01,45668.88,45330.23,45648,1591.82516
1704736800000,45648.01,46104.83,45648,45891.1,3467.2535
1704737700000,45891.1,46139.13,45800,45998.81,1293.81033
1704738600000,45998.81,46978.67,45976,46917.77,3439.55636
1704739500000,46917.78,46995,46605,46970.01,2501.84609
1704740400000,46970.02,47248.99,46771.93,47107.98,2734.81297
1704741300000,47107.99,47208.67,46540.01,46663.97,2042.97306
1704742200000,46663.97,46846,46643.06,46810.01,1164.83729
1704743100000,46810.01,47047.48,46792,46979.35,991.91545
1704744000000,46979.36,47038.45,46802.49,46974.2,947.51497
1704744900000,46974.2,47010.94,46800,46947.99,846.19171
1704745800000,46947.99,47143.15,46837.58,46879.99,883.73866
1704746700000,46879.98,46932.62,46709.92,46774.01,769.19196
1704747600000,46774.01,46937.99,46653.84,46862.78,879.57184
1704748500000,46862.78,46942.29,46840.36,46863.09,408.1392
1704749400000,46863.09,47200,46859.31,47178.97,891.49305
1704750300000,47178.97,47207.16,46992.26,47071.41,609.84257
1704751200000,47071.41,47120,46812,46971.99,687.73679
1704752100000,46971.99,47039.2,46906.01,46948,368.52825
1704753000000,46948,46973.04,46799.18,46918.08,432.26049
1704753900000,46918.08,47000,46918.08,46999.99,308.79117
1704754800000,47000,47100,46876.95,47044.98,500.13245
1704755700000,47044.99,47076.85,46921.96,46963.69,625.7477
1704756600000,46963.69,46968.58,46833.88,46870,430.24736
1704757500000,46869.99,46965.99,46861.1,46951.04,384.24076
1704758400000,46951.04,47100,46896,47099.99,642.55773
1704759300000,47099.99,47150,46850,46900,1136.675
1704760200000,46899.99,46927.97,46230,46670,1882.46081
1704761100000,46670,46818.75,46496.6,46668.88,792.8587
1704762000000,46668.87,46765.53,46600,46748.01,598.11654
1704762900000,46748,46786.83,46492,46545.72,587.52507
1704763800000,46545.71,46571.1,46332.74,46347.45,605.00014
1704764700000,46347.46,46564.92,46288,46556.62,788.56936
1704765600000,46556.62,46657.31,46483.83,46540.85,362.61723
1704766500000,46540.84,46719.39,46540.84,46684.97,420.00539
1704767400000,46684.98,46779.99,46648,46737.02,355.02939
1704768300000,46737.02,46785.22,46679.05,46779.81,283.21566
1704769200000,46779.82,46966,46750.92,46886.43,565.82826
1704770100000,46886.44,46974.42,46811.85,46948.28,530.42322
1704771000000,46948.28,46959.61,46818.16,46818.17,277.80944
1704771900000,46818.17,46966,46818.16,46926.96,273.43737
1704772800000,46926.96,46940,46734,46788.02,385.19875
1704773700000,46788.01,46791.96,46670.91,46726,312.59987
1704774600000,46726,46849.88,46706.49,46777.73,285.20001
1704775500000,46777.74,46836,46766.59,46803.54,303.08764
1704776400000,46803.54,46858,46695.33,46695.34,354.37136
1704777300000,46695.34,46758,46666.78,46677.65,275.77775
1704778200000,46677.66,46704.14,46599.43,46626,293.85942
1704779100000,46625.99,46750.64,46606.01,46714.67,369.89215
1704780000000,46714.66,46838.4,46665.84,46817.53,296.47922
1704780900000,46817.53,46830,46750,46772,209.68595
1704781800000,46772,46790.66,46693.8,46726.28,229.33345
1704782700000,46726.27,46824,46680.45,46788.01,176.02298
1704783600000,46788.02,46811.63,46735.18,46808,189.50571
1704784500000,46807.99,46931.7,46771.46,46908.34,355.61046
1704785400000,46908.34,46911.02,46788,46809.5,346.24495
1704786300000,46809.5,46878,46800,46825.51,324.54014
1704787200000,46825.52,46825.52,46700,46759.67,342.13134
1704788100000,46759.67,46874.94,46754.81,46847.16,177.57287
1704789000000,46847.15,46847.16,46667.58,46678,278.48938
1704789900000,46678.01,46715.46,46510,46544.65,532.91348
1704790800000,46544.65,46670.5,46515.21,46588.01,337.42401
1704791700000,46588.02,46694.61,46407.9,46532.21,544.24011
1704792600000,46532.22,46666.3,46532.21,46608.33,256.61094
1704793500000,46608.32,46616.9,46461,46491.99,433.32738
1704794400000,46491.99,46614.97,46461.24,46574.06,406.11487
1704795300000,46574.07,46680,46574.06,46621.99,282.87664
1704796200000,46621.98,46650,46531.1,46564.47,263.15813
1704797100000,46564.47,46564.47,46381.1,46441.89,733.75827
1704798000000,46441.88,46558,46426.2,46529.99,298.17553
1704798900000,46529.99,46612.41,46529.99,46539,372.71166
1704799800000,46539.01,46622.41,46451.1,46477.99,350.97482
1704800700000,46478,46644,46450,46615.99,408.35548
1704801600000,46616,46758,46605.66,46723.98,550.24148
1704802500000,46723.98,46767.68,46641.58,46664.97,637.47728
1704803400000,46664.97,46746.98,46600.92,46713.22,371.96911
1704804300000,46713.22,47000,45450,46166.35,2856.68916
1704805200000,46166.36,46746.15,46055.51,46559.76,1960.81162
1704806100000,46559.76,46838.97,46480,46641.58,1159.76033
1704807000000,46641.57,46764,46599.39,46607.88,715.11454
1704807900000,46607.89,47051.21,46595.74,46834,1206.07073
1704808800000,46834.01,47007.83,46755.87,46832.99,912.95023
1704809700000,46833,46839.5,46666,46745.98,746.65066
1704810600000,46745.99,46768,46579.29,46594.77,598.06861
1704811500000,46594.77,46776.02,46498.93,46561.1,742.17764
1704812400000,46561.11,46646.79,46429.31,46573.78,749.75288
1704813300000,46573.78,46795.24,46559.78,46717.76,695.74756
1704814200000,46717.76,47010,46679,46955.77,1158.43507
1704815100000,46955.78,46955.78,46630.55,46868.09,749.90668
1704816000000,46868.08,46941.1,46756.48,46927.51,540.32039
1704816900000,46927.52,46975,46781,46796,534.8427
1704817800000,46796,46902.86,46719.69,46850,453.46022
1704818700000,46849.99,46940,46782.28,46902.88,421.7745
1704819600000,46902.89,46919.99,46772.45,46791.97,336.7703
1704820500000,46791.97,46906.07,46734.72,46781.61,450.10594
1704821400000,46781.61,46785.34,46632.01,46687.64,592.6091
1704822300000,46687.64,46846.23,46666,46715.99,365.0685
1704823200000,46716,46731.1,46539.95,46618.08,754.75902
1704824100000,46618.08,46680.69,46528.76,46602.01,660.78637
1704825000000,46602,46649.75,46500,46618.02,424.69023
1704825900000,46618.02,46677,46563.99,46640.5,342.00111
1704826800000,46640.5,46718.57,46573.92,46656.12,397.22305
1704827700000,46656.12,46768.48,46633.58,46748.49,351.42915
1704828600000,46748.49,46888,46737.34,46774.71,396.38903
1704829500000,46774.72,46890,46700.01,46876.01,288.25338
1704830400000,46876,46930.74,46771.11,46823.89,435.74211
1704831300000,46823.9,46838.01,46688.19,46768.65,302.85253
1704832200000,46768.65,46783.96,46669.35,46766.04,321.44987
1704833100000,46766.05,46790,46591.6,46642.54,367.62362
1704834000000,46642.53,47929.43,46628.78,47918.36,3286.52968
1704834900000,47914.25,47972,44748.67,45887.67,8170.32425
1704835800000,45889.91,46325.79,45571.1,45967.86,3072.74824
1704836700000,45967.86,46180.43,45252.99,45439.44,2498.02292
1704837600000,45439.44,45811.31,45295.19,45576,1741.28108
1704838500000,45576,45894.29,45576,45814.37,1288.32096
1704839400000,45814.37,46030.15,45814.36,46015.43,877.52829
1704840300000,46015.44,46261.09,45800,46254,850.1727
1704841200000,46254,46254.01,46037.86,46090,665.67271
1704842100000,46089.99,46169.44,45924,46155.07,965.15084
1704843000000,46155.08,46159.88,45973,46040.52,539.71721
1704843900000,46040.53,46167.23,46000,46110,593.84856
1704844800000,46110,46200,46030,46199.99,647.78015
1704845700000,46199.99,46249.14,45958.37,45995.99,743.31421
1704846600000,45995.99,46015.48,45794.19,45917.82,675.85534
1704847500000,45917.81,46097.94,45788.85,45856.42,773.02574
1704848400000,45856.41,45893.93,45666.67,45745.14,576.42633
1704849300000,45745.15,45783.6,45638.43,45682.74,507.03703
1704850200000,45682.74,45776.1,45622,45766.01,634.40437
1704851100000,45766.01,45960,45764.02,45929.3,295.44315
1704852000000,45929.3,45993.94,45882.41,45964,245.37221
1704852900000,45964,46082.87,45953.9,46074.86,389.37922
1704853800000,46074.87,46080,45901.31,45901.32,302.27381
1704854700000,45901.32,46008.78,45901.31,45971.09,171.47637
1704855600000,45971.1,46165.76,45922.86,46156,291.61889
1704856500000,46156,46211.95,46136.01,46175,304.1989
1704857400000,46175.01,46190.73,46054.01,46085.98,244.51896
1704858300000,46085.98,46120,46048.49,46117.1,162.40161
1704859200000,46117.1,46186,46059.21,46185.99,201.01867
1704860100000,46186,46186,46077.47,46101.09,160.77811
1704861000000,46101.09,46114.71,46008,46037.21,429.4091
1704861900000,46037.21,46161.1,45944.82,45960.98,340.40525
1704862800000,45960.97,46027.08,45900.47,45982.34,404.47344
1704863700000,45982.33,45989.23,45890.58,45932.02,228.20123
1704864600000,45932.03,45972.55,45921.1,45951.11,195.25825
1704865500000,45951.11,45979,45929.6,45975.99,254.54315
1704866400000,45975.99,45977.22,45875.28,45965.49,188.17748
1704867300000,45965.49,46065.85,45962.27,45974,248.72028
1704868200000,45974,46038.98,45911.1,46031.64,243.33064
1704869100000,46031.65,46048.84,45972.3,46006,167.01233
1704870000000,46006,46023.4,45852.52,45887.49,224.86303
1704870900000,45887.49,45934.02,45835.79,45886,388.51913
1704871800000,45885.99,45910,45734.56,45834,427.59215
1704872700000,45833.99,45862,45751.12,45757.98,338.9991
1704873600000,45757.98,45861.1,45757.98,45783.99,267.99174
1704874500000,45783.99,45822.15,45711.92,45736.62,310.42352
1704875400000,45736.62,45758.48,45622.84,45643.37,509.53534
1704876300000,45643.38,45735.76,45320.53,45329.94,1429.19637
1704877200000,45329.94,45505.67,45321.99,45459.9,568.54909
1704878100000,45459.9,45592,45431.1,45572.22,888.21392
1704879000000,45572.22,45700,45534.05,45678.42,576.46721
1704879900000,45678.43,45689.17,45583.72,45661.42,355.14189
1704880800000,45661.43,45725.33,45582.69,45725.33,348.84911
1704881700000,45725.33,45726,45641.11,45704,257.54512
1704882600000,45704,45731.1,45590,45617.98,231.31833
1704883500000,45617.99,45654.54,45532,45532,264.17756
1704884400000,45532.01,45659.42,45514,45659.41,391.31667
1704885300000,45659.41,45659.42,45466,45491.72,311.33372
1704886200000,45491.73,45498,45403.16,45485.81,339.75217
1704887100000,45485.82,45541.66,45000,45515.89,1321.3011
1704888000000,45515.88,45662.01,45383.31,45466.04,765.15896
1704888900000,45466.05,45478,44850.8,45240.98,1086.72313
1704889800000,45240.97,45289,44856.19,45012.98,1289.05311
1704890700000,45012.98,45076.33,44363.93,44670.53,2399.93511
1704891600000,44670.54,45159.33,44300.36,45066,2231.54957
1704892500000,45066.01,45393.99,44846.59,45272,1111.66423
1704893400000,45272,45289.98,45028,45081.06,641.21447
1704894300000,45081.06,45244.51,45081.05,45118.01,533.63255
1704895200000,45118,45154.98,44820.35,44955.81,591.7512
1704896100000,44955.8,45344,44933.98,45321.1,1091.42046
1704897000000,45321.1,45404.89,45066.32,45074.72,867.81721
1704897900000,45074.72,45104,44832,44884,742.61068
1704898800000,44884.01,45267.98,44800,45164,1139.86011
1704899700000,45164,45312.99,44953.12,45265.99,956.17097
1704900600000,45265.98,45386.77,45151.82,45241.98,874.2417
1704901500000,45241.98,45630.7,45173.22,45546.4,1196.54652
1704902400000,45546.39,45708.31,45173.97,45296,1505.72049
1704903300000,45296.01,45518,45200,45517.99,887.2487
1704904200000,45517.99,45571.1,45384.01,45392.04,554.96435
1704905100000,45392.03,45520,45292.5,45311.1,435.87171
1704906000000,45311.09,45465.6,45227.01,45451.1,467.60936
1704906900000,45451.1,45701.87,45451.09,45618.99,749.38917
1704907800000,45619,46299.46,45570,46280.01,2501.1408
1704908700000,46280,46449,46000.01,46401.89,1847.16371
1704909600000,46401.88,46633.86,45840,46265.56,2129.40513
1704910500000,46265.56,46426.81,46151.1,46382.98,720.16906
1704911400000,46382.99,46598.97,46214.77,46291.2,899.93043
1704912300000,46291.2,46550,46261.1,46527.33,499.93776
1704913200000,46527.32,46666,46043.69,46291.33,2476.21188
1704914100000,46291.32,46464.98,46154.8,46277.47,906.06206
1704915000000,46277.48,46379.97,46077.74,46259.69,621.05205
1704915900000,46259.69,46524.13,46183.08,46489.18,606.63546
1704916800000,46489.19,46504.92,44800,45548.56,2884.51997
1704917700000,45548.56,46111.57,45242.78,45752.55,2115.01782
1704918600000,45752.54,46254.01,45000,45479.73,2148.76436
1704919500000,45487.33,46223.68,45308.87,46127,3526.12772
1704920400000,46127,46301.04,45711.7,46015.03,1971.27341
1704921300000,46015.03,46053.33,45346.62,45785.25,2199.67398
1704922200000,45785.26,45830,45080,45478.09,2215.19389
1704923100000,45478.09,45975,45430.17,45946,1756.68581
1704924000000,45946,46102.76,45760.45,46031.22,1383.14684
1704924900000,46031.22,46689,46026,46404.54,2930.29783
1704925800000,46404.53,46523.53,46278.11,46400.01,864.06414
1704926700000,46400.02,46948.98,46400,46902.69,1458.11414
1704927600000,46902.69,47500,46772.9,47482,3683.72864
1704928500000,47481.99,47695.93,46700,46820.01,3052.55034
1704929400000,46821.85,46976.55,46381.86,46574.96,1830.9605
1704930300000,46574.95,46742.2,46452.03,46653.99,786.49005
1704931200000,46654,46686.68,46312.98,46505.7,1118.67954
1704932100000,46505.7,46550.01,46296.46,46376.99,671.97876
1704933000000,46376.98,46618.2,46362,46600.01,564.77782
1704933900000,46600.01,46721.37,46541.1,46670.01,503.96324
1704934800000,46670.01,46689.11,46469.39,46636.2,435.18059
1704935700000,46636.19,46732,46552.48,46732,336.73191
1704936600000,46731.99,46750,46468.33,46586.39,651.25476
1704937500000,46586.4,46651.53,46500,46506.94,349.42604
1704938400000,46506.93,46621.2,46500,46596.14,380.34147
1704939300000,46596.15,46622.39,46521.44,46550,331.59739
1704940200000,46550.01,46619.09,46511.94,46539.95,286.81385
1704941100000,46539.96,46600,46532.5,46559,244.01657
1704942000000,46559,46590.81,46200,46424.31,887.27452
1704942900000,46424.32,46509.06,46212.2,46441,545.65145
1704943800000,46441,46567.67,46438.98,46442.1,287.4124
1704944700000,46442.09,46509.53,46389.98,46502.16,369.81469
1704945600000,46502.17,46507.08,46304.96,46407.88,642.80105
1704946500000,46407.87,46490.01,46403.36,46486.82,321.03038
1704947400000,46486.82,46500,46406,46439.13,348.0081
1704948300000,46439.13,46482,46400,46400.01,354.22158
1704949200000,46400.01,46417.33,46228,46280.12,468.52798
1704950100000,46280.11,46341,46261.1,46319.01,280.83685
1704951000000,46319,46323.06,46000,46026.46,686.66614
1704951900000,46026.46,46133.16,45896.23,46070,696.20551
1704952800000,46070,46091.53,45625,45715.99,800.23142
1704953700000,45715.99,45799.12,45618.1,45764.3,494.3969
1704954600000,45764.31,45923.03,45724.48,45917.09,606.08277
1704955500000,45917.1,45954.69,45857.67,45907.3,334.16422
1704956400000,45907.29,46121,45881.1,46100.99,499.48108
1704957300000,46100.99,46166.99,46028.92,46140.82,482.86662
1704958200000,46140.81,46140.82,45960.64,46013.52,311.53753
1704959100000,46013.52,46101.41,46013.52,46101.4,224.81522
1704960000000,46101.4,46196,46052,46194.56,340.1021
1704960900000,46194.56,46296.04,46153.41,46296.04,364.12775
1704961800000,46296.03,46303.51,46166,46187.99,383.96373
1704962700000,46187.99,46318.1,46187.99,46277,380.38893
1704963600000,46277,46354,46218.66,46276.35,410.55634
1704964500000,46276.36,46329.13,46219.87,46301.46,228.38923
1704965400000,46301.46,46317.01,46222.71,46290.51,417.56673
1704966300000,46290.51,46318,46211.94,46220.12,284.62329